{"cameraMode":{"drawMode":0,"name":"Shaded","section":"Shading Mode"},"sceneLighting":false,"audioPlay":false,"sceneViewState":{"m_AlwaysRefresh":false,"showFog":true,"showSkybox":false,"showFlares":true,"showImageEffects":true,"showParticleSystems":true,"showVisualEffectGraphs":true,"m_FxEnabled":true},"in2DMode":false,"pivot":{"x":0.62042236328125,"y":8.519912719726563,"z":-5.720531463623047},"rotation":{"x":-0.0007582353428006172,"y":-0.9993184804916382,"z":0.031788069754838946,"w":-0.02156716212630272},"size":40.21585464477539,"orthographic":true}