{"cameraMode":{"drawMode":0,"name":"Shaded","section":"Shading Mode"},"sceneLighting":true,"audioPlay":false,"sceneViewState":{"m_AlwaysRefresh":false,"showFog":true,"showSkybox":true,"showFlares":true,"showImageEffects":true,"showParticleSystems":true,"showVisualEffectGraphs":true,"m_FxEnabled":true},"in2DMode":false,"pivot":{"x":-42.13220977783203,"y":57.29783630371094,"z":-23.504732131958009},"rotation":{"x":0.13503563404083253,"y":0.5279496312141419,"z":-0.08547136187553406,"w":0.8341086506843567},"size":121.43036651611328,"orthographic":true}