{"cameraMode":{"drawMode":0,"name":"Shaded","section":"Shading Mode"},"sceneLighting":true,"audioPlay":false,"sceneViewState":{"m_AlwaysRefresh":false,"showFog":true,"showSkybox":true,"showFlares":true,"showImageEffects":true,"showParticleSystems":true,"showVisualEffectGraphs":true,"m_FxEnabled":true},"in2DMode":false,"pivot":{"x":-0.06904220581054688,"y":-21.950000762939454,"z":3.5974984169006349},"rotation":{"x":-0.1007581502199173,"y":-0.0951346606016159,"z":0.009869938716292382,"w":-0.9904190897941589},"size":106.42922973632813,"orthographic":true}